device_number,average_resistance,spread
D10,11.86089314481945,0.5566230555201885
D59,7090213.01539714,0.0
D65,14877497.87316606,0.0
